{"Running_Train_loss": 0.6896162887414297, "_timestamp": 1676962664.0276487, "_runtime": 22.97782063484192, "_step": 1, "_wandb": {"runtime": 27}}