{"Running_Train_loss": 0.6896154836813608, "_timestamp": 1676962525.5209801, "_runtime": 23.173148155212402, "_step": 1, "_wandb": {"runtime": 26}}