{"Running_Train_loss": 0.37179775461554526, "_timestamp": 1676963043.259076, "_runtime": 199.24660205841064, "_step": 29, "Train_loss": 0.3742402616384867, "Train_Acc": 0.8317567567567568, "Train_F1": 0.8313856345468451, "Valid_loss": 1.0493858231688447, "Valid_Acc": 0.5388291517323776, "Valid_corr": 0.5384173591030139, "Epoch": 10, "gradients/out.bias": {"_type": "histogram", "values": [1.0, 0.0, 0.0, 0.0, 0.0, 0.0, 0.0, 0.0, 0.0, 0.0, 0.0, 0.0, 0.0, 0.0, 0.0, 0.0, 0.0, 0.0, 0.0, 0.0, 0.0, 0.0, 0.0, 0.0, 0.0, 0.0, 0.0, 0.0, 0.0, 0.0, 0.0, 0.0, 0.0, 0.0, 0.0, 0.0, 0.0, 0.0, 0.0, 0.0, 0.0, 0.0, 0.0, 0.0, 0.0, 0.0, 0.0, 0.0, 0.0, 0.0, 0.0, 0.0, 0.0, 0.0, 0.0, 0.0, 0.0, 0.0, 0.0, 0.0, 0.0, 0.0, 0.0, 1.0], "bins": [-0.04341426119208336, -0.042061738669872284, -0.04070921242237091, -0.039356689900159836, -0.03800416365265846, -0.03665164113044739, -0.035299114882946014, -0.03394659236073494, -0.032594069838523865, -0.03124154545366764, -0.029889021068811417, -0.028536498546600342, -0.02718397229909897, -0.025831449776887894, -0.02447892539203167, -0.023126401007175446, -0.021773874759674072, -0.020421350374817848, -0.019068825989961624, -0.01771630346775055, -0.016363777220249176, -0.015011253766715527, -0.013658730313181877, -0.012306205928325653, -0.010953681543469429, -0.009601157158613205, -0.008248632773756981, -0.0068961093202233315, -0.005543584935367107, -0.004191060550510883, -0.002838537096977234, -0.0014860127121210098, -0.00013349205255508423, 0.0012190320994704962, 0.0025715562514960766, 0.003924080170691013, 0.005276604555547237, 0.0066291289404034615, 0.007981652393937111, 0.009334176778793335, 0.010686701163649559, 0.012039225548505783, 0.013391749933362007, 0.014744273386895657, 0.016096796840429306, 0.01744932308793068, 0.018801845610141754, 0.020154369994997978, 0.021506894379854202, 0.022859418764710426, 0.02421194314956665, 0.025564465671777725, 0.0269169919192791, 0.028269514441490173, 0.029622038826346397, 0.03097456321120262, 0.032327085733413696, 0.03367960825562477, 0.035032134503126144, 0.03638465702533722, 0.03773718327283859, 0.03908970579504967, 0.04044222831726074, 0.041794754564762115, 0.04314728081226349]}, "gradients/out.weight": {"_type": "histogram", "values": [4.0, 1.0, 0.0, 4.0, 3.0, 5.0, 3.0, 4.0, 3.0, 3.0, 7.0, 5.0, 4.0, 3.0, 2.0, 4.0, 4.0, 2.0, 3.0, 3.0, 3.0, 2.0, 6.0, 2.0, 4.0, 3.0, 5.0, 15.0, 13.0, 27.0, 40.0, 309.0, 338.0, 43.0, 26.0, 14.0, 15.0, 4.0, 4.0, 4.0, 2.0, 6.0, 2.0, 3.0, 3.0, 3.0, 2.0, 4.0, 4.0, 2.0, 3.0, 3.0, 6.0, 7.0, 3.0, 3.0, 4.0, 3.0, 5.0, 3.0, 3.0, 1.0, 2.0, 3.0], "bins": [-0.020199520513415337, -0.019568689167499542, -0.018937857821583748, -0.018307026475667953, -0.01767619512975216, -0.017045363783836365, -0.01641453243792057, -0.015783701092004776, -0.015152870677411556, -0.014522039331495762, -0.013891207985579967, -0.013260376639664173, -0.012629546225070953, -0.011998714879155159, -0.011367883533239365, -0.01073705218732357, -0.010106220841407776, -0.009475389495491982, -0.008844558149576187, -0.008213726803660393, -0.007582895923405886, -0.006952064577490091, -0.006321233697235584, -0.00569040235131979, -0.0050595710054039955, -0.004428739659488201, -0.0037979085464030504, -0.0031670774333178997, -0.0025362460874021053, -0.001905414741486311, -0.0012745836284011602, -0.0006437525153160095, -1.292303204536438e-05, 0.0006179081974551082, 0.0012487394269555807, 0.0018795706564560533, 0.002510401885956526, 0.00314123323187232, 0.003772064344957471, 0.004402895458042622, 0.005033726803958416, 0.00566455814987421, 0.006295389495790005, 0.006926220376044512, 0.007557051721960306, 0.008187882602214813, 0.008818713948130608, 0.009449545294046402, 0.010080376639962196, 0.01071120798587799, 0.011342039331793785, 0.01197287067770958, 0.012603702023625374, 0.013234533369541168, 0.013865363784134388, 0.014496195130050182, 0.015127026475965977, 0.015757856890559196, 0.01638868823647499, 0.017019519582390785, 0.01765035092830658, 0.018281182274222374, 0.01891201362013817, 0.019542844966053963, 0.020173676311969757]}, "gradients/lstm.weight_ih_l0": {"_type": "histogram", "values": [1.0, 0.0, 0.0, 0.0, 0.0, 0.0, 0.0, 0.0, 0.0, 0.0, 0.0, 0.0, 0.0, 0.0, 0.0, 0.0, 0.0, 0.0, 0.0, 0.0, 0.0, 0.0, 0.0, 1.0, 0.0, 0.0, 0.0, 0.0, 0.0, 0.0, 0.0, 0.0, 0.0, 1.0, 0.0, 1.0, 0.0, 1.0, 2.0, 0.0, 0.0, 3.0, 5.0, 5.0, 19.0, 40.0, 71.0, 238.0, 2992.0, 1043130.0, 1750.0, 186.0, 61.0, 25.0, 12.0, 9.0, 9.0, 4.0, 3.0, 3.0, 1.0, 0.0, 2.0, 1.0], "bins": [-0.25956782698631287, -0.2543167769908905, -0.24906571209430695, -0.2438146471977234, -0.23856359720230103, -0.23331253230571747, -0.2280614674091339, -0.22281041741371155, -0.217559352517128, -0.21230828762054443, -0.20705723762512207, -0.2018061727285385, -0.19655510783195496, -0.1913040578365326, -0.18605299293994904, -0.18080192804336548, -0.17555087804794312, -0.17029981315135956, -0.1650487631559372, -0.15979769825935364, -0.15454664826393127, -0.14929558336734772, -0.14404451847076416, -0.1387934684753418, -0.13354240357875824, -0.12829133868217468, -0.12304028868675232, -0.11778922379016876, -0.1125381663441658, -0.10728710889816284, -0.10203604400157928, -0.09678498655557632, -0.09153392910957336, -0.0862828716635704, -0.08103181421756744, -0.07578074932098389, -0.07052969187498093, -0.06527863442897797, -0.06002757325768471, -0.05477651208639145, -0.04952545464038849, -0.04427439719438553, -0.03902333602309227, -0.03377227485179901, -0.02852121740579605, -0.02327015809714794, -0.018019098788499832, -0.012768037617206573, -0.007516980171203613, -0.002265920862555504, 0.0029851384460926056, 0.008236197754740715, 0.013487257063388824, 0.018738316372036934, 0.023989375680685043, 0.029240436851978302, 0.03449149429798126, 0.03974255174398422, 0.04499361291527748, 0.05024467408657074, 0.0554957315325737, 0.06074678897857666, 0.06599785387516022, 0.07124891132116318, 0.07649996876716614]}, "gradients/lstm.bias_ih_l0": {"_type": "histogram", "values": [1.0, 1.0, 1.0, 0.0, 1.0, 1.0, 3.0, 6.0, 3.0, 6.0, 7.0, 28.0, 69.0, 1288.0, 507.0, 65.0, 29.0, 11.0, 9.0, 0.0, 2.0, 3.0, 0.0, 2.0, 0.0, 2.0, 0.0, 1.0, 0.0, 0.0, 0.0, 0.0, 0.0, 0.0, 0.0, 0.0, 0.0, 1.0, 0.0, 0.0, 0.0, 0.0, 0.0, 0.0, 0.0, 0.0, 0.0, 0.0, 0.0, 0.0, 0.0, 0.0, 0.0, 0.0, 0.0, 0.0, 0.0, 0.0, 0.0, 0.0, 0.0, 0.0, 0.0, 1.0], "bins": [-0.01416311226785183, -0.013149680569767952, -0.012136248871684074, -0.011122816242277622, -0.010109384544193745, -0.009095952846109867, -0.008082520216703415, -0.007069088518619537, -0.00605565682053566, -0.005042225122451782, -0.004028792958706617, -0.003015361027792096, -0.002001929096877575, -0.0009884973987936974, 2.4934764951467514e-05, 0.0010383669286966324, 0.00205179862678051, 0.003065230557695031, 0.004078662488609552, 0.005092094652354717, 0.006105526350438595, 0.007118958048522472, 0.008132390677928925, 0.009145822376012802, 0.01015925407409668, 0.011172685772180557, 0.012186117470264435, 0.013199550099670887, 0.014212981797754765, 0.015226413495838642, 0.016239846125245094, 0.017253277823328972, 0.0182667076587677, 0.019280139356851578, 0.020293571054935455, 0.021307002753019333, 0.02232043445110321, 0.023333866149187088, 0.024347299709916115, 0.025360731407999992, 0.02637416310608387, 0.027387594804167747, 0.028401026502251625, 0.029414458200335503, 0.03042789176106453, 0.03144132345914841, 0.032454755157232285, 0.03346818685531616, 0.03448161855340004, 0.03549505025148392, 0.036508481949567795, 0.03752191364765167, 0.03853534534573555, 0.03954877704381943, 0.040562208741903305, 0.04157564043998718, 0.04258907586336136, 0.043602507561445236, 0.044615939259529114, 0.04562937095761299, 0.04664280265569687, 0.047656234353780746, 0.048669666051864624, 0.0496831014752388, 0.05069652944803238]}, "gradients/lstm.bias_ih_l1": {"_type": "histogram",