{"Running_Train_loss": 0.6896165611346563, "_timestamp": 1676962797.4719784, "_runtime": 28.596595525741577, "_step": 2, "Train_loss": 0.690279254558924, "Train_Acc": 0.5341216216216216, "Train_F1": 0.44606820395910507, "Valid_loss": 0.6896037391896518, "Valid_Acc": 0.5376344086021505, "Valid_corr": 0.3547917378251568, "Epoch": 1, "_wandb": {"runtime": 28}}