{"Running_Train_loss": 0.6896158281962077, "_timestamp": 1676962409.819125, "_runtime": 23.687180042266846, "_step": 1, "_wandb": {"runtime": 28}}